annee_numero_de_tirage;jour_de_tirage;date_de_tirage;num�ro_de_tirage_dans_le_cycle;date_de_forclusion;boule_1;boule_2;boule_3;boule_4;boule_5;etoile_1;etoile_2;boules_gagnantes_en_ordre_croissant;etoiles_gagnantes_en_ordre_croissant;nombre_de_gagnant_au_rang1_Euro_Millions_en_france;nombre_de_gagnant_au_rang1_Euro_Millions_en_europe;rapport_du_rang1_Euro_Millions;nombre_de_gagnant_au_rang2_Euro_Millions_en_france;nombre_de_gagnant_au_rang2_Euro_Millions_en_europe;rapport_du_rang2_Euro_Millions;nombre_de_gagnant_au_rang3_Euro_Millions_en_france;nombre_de_gagnant_au_rang3_Euro_Millions_en_europe;rapport_du_rang3_Euro_Millions;nombre_de_gagnant_au_rang4_Euro_Millions_en_france;nombre_de_gagnant_au_rang4_Euro_Millions_en_europe;rapport_du_rang4_Euro_Millions;nombre_de_gagnant_au_rang5_Euro_Millions_en_france;nombre_de_gagnant_au_rang5_Euro_Millions_en_europe;rapport_du_rang5_Euro_Millions;nombre_de_gagnant_au_rang6_Euro_Millions_en_france;nombre_de_gagnant_au_rang6_Euro_Millions_en_europe;rapport_du_rang6_Euro_Millions;nombre_de_gagnant_au_rang7_Euro_Millions_en_france;nombre_de_gagnant_au_rang7_Euro_Millions_en_europe;rapport_du_rang7_Euro_Millions;nombre_de_gagnant_au_rang8_Euro_Millions_en_france;nombre_de_gagnant_au_rang8_Euro_Millions_en_europe;rapport_du_rang8_Euro_Millions;nombre_de_gagnant_au_rang9_Euro_Millions_en_france;nombre_de_gagnant_au_rang9_Euro_Millions_en_europe;rapport_du_rang9_Euro_Millions;nombre_de_gagnant_au_rang10_Euro_Millions_en_france;nombre_de_gagnant_au_rang10_Euro_Millions_en_europe;rapport_du_rang10_Euro_Millions;nombre_de_gagnant_au_rang11_Euro_Millions_en_france;nombre_de_gagnant_au_rang11_Euro_Millions_en_europe;rapport_du_rang11_Euro_Millions;nombre_de_gagnant_au_rang12_Euro_Millions_en_france;nombre_de_gagnant_au_rang12_Euro_Millions_en_europe;rapport_du_rang12_Euro_Millions;nombre_de_gagnant_au_rang13_Euro_Millions_en_france;nombre_de_gagnant_au_rang13_Euro_Millions_en_europe;rapport_du_rang13_Euro_Millions;nombre_de_gagnant_au_rang1_Etoile+;rapport_du_rang1_Etoile+;nombre_de_gagnant_au_rang2_Etoile+;rapport_du_rang2_Etoile+;nombre_de_gagnant_au_rang3_Etoile+;rapport_du_rang3_Etoile+;nombre_de_gagnant_au_rang4_Etoile+;rapport_du_rang4_Etoile+;nombre_de_gagnant_au_rang5_Etoile+;rapport_du_rang5_Etoile+;nombre_de_gagnant_au_rang6_Etoile+;rapport_du_rang6_Etoile+;nombre_de_gagnant_au_rang7_Etoile+;rapport_du_rang7_Etoile+;nombre_de_gagnant_au_rang8_Etoile+;rapport_du_rang8_Etoile+;nombre_de_gagnant_au_rang9_Etoile+;rapport_du_rang9_Etoile+;nombre_de_gagnant_au_rang10_Etoile+;rapport_du_rang10_Etoile+;numero_My_Million;numero_Tirage_Exceptionnel_Euro_Millions
2016078;MARDI   ;27/09/2016;1;27/11/2016;41;6;13;39;9;2;12;-6-9-13-39-41-;-2-12-;0;0;0;1;3;293260,3;1;7;29272,9;4;21;4772,7;89;536;199,4;129;877;170,1;268;1554;54,4;2243;13715;28,4;4418;25400;16,2;12570;72147;10,8;11123;70688;15,5;63749;368993;8,9;183185;1018716;3,9;1;3849,8;0;0;23;62,4;45;21,7;592;5,6;1188;3,2;3205;4,1;5098;16,9;17703;2,2;144546;2,9;AZ3618164;;
2016079;VENDREDI;30/09/2016;Super Jackpot et tirages suivants;30/11/2016;35;44;17;37;43;10;2;-17-35-37-43-44-;-2-10-;0;0;0;1;6;404891,9;2;15;37721,5;21;84;3294,7;395;1516;194,7;859;3493;117,9;850;3456;67,6;13114;51239;21;17745;71403;15,9;41354;169033;12,7;69216;269403;11,3;250258;1031101;8,8;582014;2427770;4,6;0;0;4;3691,8;86;38,9;187;17,8;3099;3,6;4112;3,2;16512;2,7;28806;10,2;58056;2,3;589163;2,4;NX3824249;;
2016080;MARDI   ;04/10/2016;Super Jackpot et tirages suivants;04/12/2016;4;38;7;14;34;4;11;-4-7-14-34-38-;-4-11-;0;0;0;4;7;225641,2;2;11;33443,7;12;56;3213,2;284;1345;142,7;476;2483;107,8;638;2789;54,4;7116;34247;20,4;13062;58969;12,5;28135;126962;11;35639;172852;11,4;169968;764835;7,7;391880;1770619;4,1;4;2329,7;4;278,1;86;27,4;135;17,5;2049;3,9;3756;2,4;10108;3,2;16009;13;49759;1,9;371589;2,7;PW2355387;;
2016081;VENDREDI;07/10/2016;Super Jackpot et tirages suivants;07/12/2016;12;30;27;20;2;11;9;-2-12-20-27-30-;-9-11-;0;0;0;4;11;195998;7;19;26429;10;73;3364,6;482;1955;134;726;3307;110,5;1416;5316;39;9027;43532;21,9;18527;77663;13;49629;194837;9,8;44617;223669;12;232149;1029488;7,8;605585;2520927;3,9;1;11899,3;2;710,4;134;22,5;185;16,3;2391;4,3;5016;2,3;11840;3,4;19471;13,6;62411;1,9;469756;2,7;MT7347219;;
2016082;MARDI   ;11/10/2016;1;11/12/2016;12;37;20;24;5;4;11;-5-12-20-24-37-;-4-11-;0;1;168085323;0;10;183627,4;3;12;35640,7;17;67;3122,3;393;1558;143,2;600;2823;110,3;937;3832;46;7664;38295;21,2;14488;63646;13,5;36222;156594;10,3;39058;196862;11,6;186619;861521;8;467184;2102915;4;0;0;3;3606,4;90;27,2;202;12,1;2054;4;3998;2,4;10849;3;17028;12,7;50933;1,9;385408;2,7;EB5173347;;
2016083;VENDREDI;14/10/2016;2;14/12/2016;31;34;19;7;13;11;1;-7-13-19-31-34-;-1-11-;0;0;0;0;5;258506,3;4;14;21503,2;10;60;2454,1;246;1199;130,9;473;2115;103,6;752;3612;34,4;6087;27405;20,8;10648;46352;13;29790;130326;8,7;28847;135541;11,9;136601;606634;8;378315;1654340;3,6;0;0;3;2733,6;77;24,1;140;13,2;1716;3,6;3050;2,4;8220;3;12492;13,1;39045;1,9;269119;2,9;KG2248583;;
2016084;MARDI   ;18/10/2016;3;18/12/2016;2;25;17;21;27;9;6;-2-17-21-25-27-;-6-9-;0;0;0;0;0;0;0;6;177605;8;52;1893,5;186;844;124,4;398;1907;76,8;380;1853;44,8;5163;25866;14,8;7342;33852;11,9;15669;73828;10,3;25416;127668;8,4;98149;464657;6,9;209374;996771;4;0;0;4;1387,9;52;24,2;133;9,4;1538;2,7;2181;2,2;7517;2,2;11379;9,7;29394;1,7;214778;2,5;JN1116420;;
2016085;VENDREDI;21/10/2016;4;21/12/2016;48;9;23;20;44;10;8;-9-20-23-44-48-;-8-10-;0;0;0;2;3;408989,5;1;10;28577,5;8;36;3882,8;139;846;176,2;389;1591;130,8;368;1806;65,3;5753;24943;21,7;7289;35930;15,9;17858;85437;12,7;26465;128187;11,9;113538;544209;8,4;278542;1289660;4,3;0;0;2;3627,4;36;45,6;96;17,1;1571;3,5;1956;3,3;7219;3,1;11396;12,7;30768;2,1;260881;2,7;EI0069459;;
2016086;MARDI   ;25/10/2016;1;25/12/2016;28;15;21;3;20;5;1;-3-15-20-21-28-;-1-5-;0;1;50108729;2;6;156002,2;0;9;24223,1;16;50;2132,6;196;966;117,7;437;2108;75,3;413;1906;47,2;5363;26486;15,6;8161;39698;11;16904;78814;10,5;25114;125501;9,3;102258;517974;6,7;212805;1042087;4,1;0;0;5;1077,4;60;20,3;128;9,5;1445;2,8;2294;2;7007;2,3;10045;10,7;28584;1,7;204729;2,5;DI4516189;;
2016087;VENDREDI;28/10/2016;1;28/12/2016;23;43;10;19;16;8;2;-10-16-19-23-43-;-2-8-;0;1;17375733;1;5;317750,6;2;8;46254,8;37;112;1616;363;1332;144,9;1265;4187;64,3;885;2846;53,7;16218;55816;12,6;17466;59837;12,4;37752;127410;11;76709;273843;7,2;240934;834733;7,1;507818;1759886;4,1;0;0;15;765,5;96;27,1;329;7,9;4046;2,1;4282;2,3;19306;1,8;28961;7,9;60490;1,7;439687;2,5;JC8700352;F TJX 18583,F FMN 69169,F DRS 96604,F WBC 50471,F GXR 37189,F CLN 76899,F JPC 95117,F VZX 54546,E BBJ 52275,E BBW 92585,E BCZ 24806,E BCD 54048,L LRJ 39187,L LRJ 89890,L LRH 01111,B BCT 05888,B BNG 31881,B BNL 07167,B BNJ 32351,S NNR 90606,P DTH 18475,P DMN 18458,H MDC 75349,M NDP 45508,V NDN 45602;
2016088;MARDI   ;01/11/2016;2;01/01/2017;10;20;6;37;29;9;1;-6-10-20-29-37-;-1-9-;0;0;0;1;3;245644,5;2;9;19071,1;11;38;2209,3;148;621;144,2;336;1465;85,3;307;1466;48,3;4241;19634;16,6;5680;25885;13,3;12555;58634;11,1;21035;97842;9,4;74813;358325;7,7;168062;808136;4,2;0;0;1;4334,8;41;23,9;89;11;1201;2,7;1575;2,4;5879;2,2;9290;9,3;21512;1,8;162304;2,6;AB4002012;;
2016089;VENDREDI;04/11/2016;3;04/01/2017;7;11;12;48;44;7;3;-7-11-12-44-48-;-3-7-;0;0;0;0;4;299189,9;2;7;39819,8;20;67;2034,9;220;902;161,2;934;3702;54,8;356;1586;72,5;14611;59755;8,8;11253;45474;12,3;18433;81630;12,9;68596;295176;5;163809;683958;6,5;280261;1254788;4,4;0;0;5;1341,5;70;21,7;227;6,6;3862;1,3;3013;1,9;17405;1,1;21619;6,2;42843;1,4;266976;2,4;VB5661268;;
2016090;MARDI   ;08/11/2016;1;08/01/2017;49;47;9;50;5;9;8;-5-9-47-49-50-;-8-9-;1;1;39336342;0;1;845567,8;0;3;65647,4;4;24;4013,7;93;578;177,7;255;1471;97,5;211;1196;68;3666;18718;20;5422;27485;14,4;11123;55266;13,5;19111;95626;11;83543;412673;7,7;168594;823632;4,7;0;0;2;2400,7;22;49,4;82;13,2;962;3,8;1482;2,8;5009;2,9;7663;12,5;22870;1,9;199758;2,3;GK8276422;;
2016091;VENDREDI;11/11/2016;2;11/01/2017;38;49;3;22;23;9;2;-3-22-23-38-49-;-2-9-;0;0;0;1;6;180024,7;1;7;35939,8;7;39;3155,2;136;804;163,2;325;1954;93,7;285;1631;63,7;5761;29267;16,3;6874;36204;13,9;13792;73994;12,9;31815;153956;8,7;105255;542075;7,4;213317;1106799;4,5;1;5010,9;0;0;45;41,5;84;15,1;1496;2,8;1756;2,8;8248;2,1;13350;8,4;27200;1,8;235523;2,3;BA7653453;;
2016092;MARDI   ;15/11/2016;3;15/01/2017;42;7;15;36;48;3;7;-7-15-36-42-48-;-3-7-;0;0;0;0;2;395179;0;3;61361,1;12;55;1637,1;99;581;165,3;412;2108;63,5;220;1167;65,1;6491;32284;10,8;5017;25998;14,2;9188;49068;14,2;38093;178354;5,5;78644;383252;7,7;141638;731957;4,9;0;0;2;2196,6;29;34,3;116;8,5;1721;1,9;1332;2,9;10115;1,3;15794;5,5;20475;1,9;194780;2,2;QC4643655;;
2016093;VENDREDI;18/11/2016;4;18/01/2017;32;27;12;47;3;8;6;-3-12-27-32-47-;-6-8-;0;0;0;0;2;571704,1;3;16;16644,5;14;45;2894,7;150;938;148,1;476;2122;91,3;399;2004;54,8;6704;30680;16,5;8420;40754;13,1;18216;86263;11,7;34598;159108;9;122608;578129;7,4;257749;1219769;4,3;0;0;4;1494,5;37;36,6;101;13,4;1592;2,9;2058;2,5;8341;2,2;13414;8,9;29188;1,8;238014;2,4;BT6641197;;
2016094;MARDI   ;22/11/2016;5;22/01/2017;47;10;5;33;34;10;2;-5-10-33-34-47-;-2-10-;0;0;0;0;1;842897,4;0;3;65440,1;3;22;4364,8;84;500;204,8;230;1146;124,7;200;1090;74,3;3572;17520;21,3;4187;23499;16,7;9967;54944;13,5;20757;95576;11;71602;367122;8,6;166486;864045;4,5;0;0;1;4354;20;49,3;54;18,2;927;3,6;1012;3,8;5835;2,3;8408;10,3;18176;2,1;161551;2,6;VZ6987719;;
2016095;VENDREDI;25/11/2016;1;25/01/2017;28;23;5;11;17;10;11;-5-11-17-23-28-;-10-11-;2;2;30570889;1;6;209907,9;9;33;8889;11;49;2928,1;320;1363;112,2;364;1904;112,1;1093;4792;25,2;4587;24927;22,3;10113;46467;12,6;34700;150408;7,4;21285;121420;12,9;120722;576536;8,2;392036;1769289;3,2;0;0;4;1545,5;83;16,8;84;16,6;1109;4,3;2470;2,2;4803;3,9;6849;18;30118;1,8;178813;3,3;TY2581680;;
2016096;MARDI   ;29/11/2016;2;29/01/2017;38;27;21;28;26;11;9;-21-26-27-28-38-;-9-11-;0;0;0;0;4;189176,2;0;3;58748,4;3;22;3918,4;91;435;211,3;182;1007;127,4;187;986;73,8;2825;14978;22,3;4179;21331;16,6;10310;51277;13;15287;81038;11,7;68130;340644;8,3;170616;821109;4,2;0;0;0;0;15;340,9;46;20,5;709;4,5;1000;3,7;4177;3,1;6491;12,8;17345;2,1;151567;2,6;CN3071394;;
2016097;VENDREDI;02/12/2016;1;01/02/2017;23;32;6;11;31;2;12;-6-11-23-31-32-;-2-12-;0;1;29377167;0;2;565854,2;2;4;65896,9;3;20;6446,4;169;708;194,2;240;1170;164;403;2034;53,5;3702;17370;28,8;7505;34713;15,2;21147;97572;10,2;19359;90478;15,6;106722;488804;8,7;297782;1354982;3,8;0;0;0;0;34;217,3;50;27,3;865;5,3;1721;3,1;4449;4,2;7439;16,1;25045;2,1;202560;2,9;JU7289019;;
2016098;MARDI   ;06/12/2016;2;05/02/2017;27;1;7;11;45;9;4;-1-7-11-27-45-;-4-9-;0;0;0;1;4;184977,1;1;8;21541,6;8;43;1960,3;190;759;118,4;456;1943;64,5;504;1799;39,5;5580;25031;13;7725;31796;10,8;16957;70700;9,2;25685;118640;7,8;97452;413285;6,7;207905;898252;3,8;0;0;4;1055,4;49;19,5;127;7,5;1512;2,1;2028;1,8;6640;1,9;9508;8,8;25650;1,4;156408;2,6;VJ7622029;;
2016099;VENDREDI;09/12/2016;3;08/02/2017;6;40;37;28;12;1;5;-6-12-28-37-40-;-1-5-;0;0;0;3;8;138311,1;0;6;42952,3;14;51;2471,6;183;853;157,6;409;1840;102;510;1886;56,4;6529;27676;17,7;8495;37539;13,8;19427;81417;12;34964;150188;9,2;124426;543595;7,6;269188;1146616;4,4;0;0;3;1975,5;32;41,9;93;14,4;1460;3,1;1979;2,6;7845;2,3;12228;9,6;28073;1,9;232281;2,5;CA8944563;;
2016100;MARDI   ;13/12/2016;4;12/02/2017;28;50;48;29;14;8;2;-14-28-29-48-50-;-2-8-;0;0;0;1;3;276224,8;0;2;96503,8;9;32;2950,1;86;505;199,4;407;1651;85,1;186;1046;76,2;5436;25401;14,4;4869;24510;15,8;10295;52181;14;30648;141240;7,3;78419;380023;8,1;166220;803844;4,7;0;0;4;1118,4;16;63,3;110;9,2;1487;2,3;1118;3,5;8175;1,7;13018;6,8;19068;2,1;187845;2,3;IG5058700;;
2016101;VENDREDI;16/12/2016;5;15/02/2017;45;10;6;30;41;11;4;-6-10-30-41-45-;-4-11-;0;0;0;1;6;201174,7;2;10;28113,5;5;31;4435,8;158;824;178;303;1448;141,3;443;1963;59,1;4605;21497;24,8;7308;33566;16,8;18918;83757;12,7;24691;118116;12,8;111883;498493;9,1;287843;1249755;4,4;0;0;1;6348,6;32;44,9;57;25,2;993;4,9;1595;3,5;5654;3,4;10177;12,4;24886;2,3;232268;2,6;RW5084682;;
2016102;MARDI   ;20/12/2016;1;19/02/2017;15;27;13;21;17;3;2;-13-15-17-21-27-;-2-3-;0;1;61653352;2;14;67191;3;15;14606,2;13;67;1599,4;360;1583;72,2;415;2047;77,9;567;2543;35,5;4903;24069;17,3;10962;50852;8,6;19115;90651;9,1;21892;108723;10,8;130335;607464;5,8;232047;1117419;3,8;0;0;4;1201,5;98;11,1;90;12,1;1104;3,3;2762;1,5;4927;3;7394;13;32323;1,3;196381;2,3;JA1738819;;
2016103;VENDREDI;23/12/2016;2;22/02/2017;46;39;16;20;4;5;2;-4-16-20-39-46-;-2-5-;0;0;0;0;2;603821,6;1;7;40181,9;9;49;2807,7;181;989;148,3;465;2297;89,1;397;1962;59,2;6987;33162;16,1;7734;39591;14,2;16877;80841;13,2;38949;183528;8,2;119398;571233;7,9;239463;1134414;4,9;0;0;1;6040;35;39,1;94;14,5;1509;3;1695;3,1;8701;2,1;16228;7,4;26637;2;272142;2,1;RX7877981;;
2016104;MARDI   ;27/12/2016;1;26/02/2017;32;22;39;25;3;7;12;-3-22-25-32-39-;-7-12-;0;1;25251858;0;3;251503,3;0;2;87866,9;6;14;6139,7;97;497;184,4;178;795;160,9;245;1218;59,5;2551;11807;28,3;4715;22240;15,8;10908;54968;12,1;13488;61594;15,3;70115;326595;8,6;165110;811831;4,2;0;0;1;4145,6;28;33,5;54;17,4;651;4,9;1128;3,2;3184;4;4992;16,6;16387;2,3;158764;2,5;BS3751626;;
2016105;VENDREDI;30/12/2016;2;01/03/2017;10;22;29;47;8;1;3;-8-10-22-29-47-;-1-3-;0;0;0;1;3;379409,6;3;7;37872,3;11;42;3087,4;230;895;154,5;487;2003;96,3;447;1884;58,1;6491;27490;18,3;10039;40900;13;20849;88780;11,3;32923;140437;10,1;136423;568132;7,5;286723;1235236;4,2;0;0;0;0;46;156,8;104;12,8;1402;3,2;2289;2,2;7094;2,5;10697;10,9;30306;1,7;231875;2,4;PJ2658618;;
2017001;MARDI   ;03/01/2017;3;05/03/2017;34;27;49;23;19;11;1;-19-23-27-34-49-;-1-11-;0;0;0;0;0;0;1;7;134726,3;9;30;2904,7;112;572;162,5;245;1093;118,7;356;1489;49,4;3241;15593;21,7;5056;23554;15,2;14621;65312;10,3;16735;79367;12;70990;327904;8,7;195732;891999;3,9;0;0;2;2065,4;24;39;80;11,7;783;4;1280;2,8;4205;3;6975;11,8;17093;2,2;139107;2,9;DQ2035939;;
2017002;VENDREDI;06/01/2017;4;08/03/2017;21;14;49;10;18;9;11;-10-14-18-21-49-;-9-11-;0;0;0;0;5;215540,4;4;9;27889,8;8;20;6138,8;172;754;173,6;272;1405;130,1;505;1789;57,9;4499;21100;22,6;8617;35407;14,2;21539;86431;11;23362;111273;12,1;116052;504296;8;295468;1225401;4;0;0;3;1910,2;42;30,9;64;20,2;1097;4;2076;2,4;5491;3,2;8638;13,2;26666;1,9;201966;2,7;UE3065464;;
2017003;MARDI   ;10/01/2017;5;12/03/2017;44;29;35;11;2;4;9;-2-11-29-35-44-;-4-9-;0;0;0;2;3;280821,3;1;5;39243,8;11;50;1919,5;199;750;136,5;341;1621;88,1;436;1515;53,4;4709;24029;15,5;5906;27375;14,4;13728;62277;11,9;25574;128094;8,2;82696;396092;7,9;182092;869294;4,4;1;3850,8;1;459,8;42;23,2;79;12,3;1141;2,9;1353;2,8;6157;2,1;10477;8,2;19882;1,9;171210;2,4;BS8351643;;
2017004;VENDREDI;13/01/2017;6;15/03/2017;16;7;50;3;26;4;7;-3-7-16-26-50-;-4-7-;0;0;0;4;8;175314,5;3;9;36295,7;21;62;2577,1;376;1379;123,5;986;3228;73,6;686;2466;54,7;14554;46858;13,2;17084;57280;11,4;30044;109202;11,3;73840;238914;7,3;231459;778041;6,7;425533;1517238;4,2;1;7186,5;6;143;74;24,6;211;8,6;2972;2;3504;2;15094;1,6;21389;7,5;46731;1,5;333410;2,3;RR0558000;;
2017005;MARDI   ;17/01/2017;7;19/03/2017;43;4;25;16;47;10;2;-4-16-25-43-47-;-2-10-;0;0;0;2;4;239148,7;1;8;27850,2;12;29;3757,9;144;630;184,5;258;1319;123;266;1374;66,9;4183;19340;21,9;5379;26865;16,6;12863;65156;13;23351;105357;11,3;81902;401661;8,9;193039;950064;4,6;0;0;3;1610,3;32;34,2;60;18,2;968;3,8;1179;3,6;5745;2,6;10211;9,4;18896;2,3;189357;2,5;HB4378096;;
2017006;VENDREDI;20/01/2017;8;22/03/2017;17;10;27;49;31;3;5;-10-17-27-31-49-;-3-5-;0;0;0;0;3;447519;6;16;19543,5;25;96;1593,2;302;1235;132,1;783;3601;63,2;526;2278;56,6;10525;47153;12,6;11762;53184;11,8;23664;102166;11,6;51321;236179;7,1;161842;736643;6,8;320085;1411722;4,3;0;0;2;3540,3;71;22,6;185;8,6;2344;2,3;2792;2,2;11627;1,8;17784;7,9;37250;1,7;286571;2,4;NX8920712;;
2017007;MARDI   ;24/01/2017;1;26/03/2017;5;1;23;17;7;3;8;-1-5-7-17-23-;-3-8-;0;1;88587275;3;11;96333,8;9;25;9872,3;22;103;1172;344;1624;79,2;711;3273;54,9;970;3792;26,8;8022;38294;12,2;13475;58023;8,5;29352;121326;7,7;34065;171338;7,7;144924;659707;6;299049;1345199;3,6;1;5317,5;9;70,5;112;12;199;6,7;2108;2,1;3810;1,3;8874;2;12545;9,4;39490;1,3;220713;2,6;BO0843581;;
2017008;VENDREDI;27/01/2017;2;29/03/2017;28;45;20;17;48;9;5;-17-20-28-45-48-;-5-9-;0;0;0;1;2;538931,3;6;10;25104,6;13;52;2361,4;170;741;176,7;475;2215;82,5;355;1466;70,7;6625;32734;14,5;7998;36192;13,9;16395;70246;13,5;35681;177760;7,5;116047;529133;7,6;237518;1036365;4,8;1;5634,9;4;168,2;34;42;95;15;1559;3,1;1945;2,8;8729;2,2;15423;8,1;29048;1,9;265604;2,3;BQ1742617;;
2017009;MARDI   ;31/01/2017;1;02/04/2017;4;17;44;23;3;6;9;-3-4-17-23-44-;-6-9-;0;1;25880509;1;3;270663,6;1;3;63040,6;12;46;2010,9;132;724;136,2;348;1808;76,1;308;1714;45,5;4827;24548;14,6;6672;33053;11,5;14648;73036;9,8;23369;119818;8,4;92836;449761;6,7;199477;975867;3,8;0;0;1;4483,8;30;33,8;106;9,5;1292;2,6;1819;2,2;6328;2,2;9596;9,3;25213;1,6;174349;2,5;RH3326531;;
2017010;VENDREDI;03/02/2017;2;05/04/2017;3;4;50;46;15;9;5;-3-4-15-46-50-;-5-9-;0;0;0;0;3;369790,5;2;5;51677;8;30;4212,8;120;700;192,5;344;1892;99,4;268;1369;77,9;6031;32498;15,1;6259;33285;15,6;13109;67286;14,6;35664;182855;7,6;106849;542868;7,6;221011;1075437;4,7;0;0;3;1978,8;21;64;72;18,6;1442;3,1;1490;3,5;8757;2,1;14768;8;25798;2;254443;2,2;SB0859963;;
2017011;MARDI   ;07/02/2017;3;09/04/2017;44;38;4;31;10;10;8;-4-10-31-38-44-;-8-10-;0;0;0;0;0;0;1;3;319734,2;6;24;3693;129;599;157,8;307;1266;104,2;252;1175;63,6;3807;16383;21;5397;26590;13,7;11557;56225;12,2;16802;80874;12;72884;350916;8,3;172565;812462;4,4;0;0;1;4338,5;39;25,2;94;10,4;978;3,4;1341;2,8;4389;3;6532;13,2;18803;2,1;153884;2,7;VZ9294413;;
2017012;VENDREDI;10/02/2017;4;12/04/2017;43;26;7;35;21;9;2;-7-21-26-35-43-;-2-9-;0;0;0;2;4;280518,3;1;6;43557,2;11;62;2061,7;220;990;137,7;447;2202;86,4;428;2066;52,2;6722;30549;16,2;8587;42233;12,4;17363;86623;11,4;36730;159849;8,7;121072;565625;7,4;244584;1158318;4,4;0;0;1;5975,4;49;27,6;123;11;1651;2,7;1991;2,6;9019;2;15707;7,6;28844;1,8;257542;2,2;UB9775858;;
2017013;MARDI   ;14/02/2017;1;16/04/2017;44;40;24;2;10;3;10;-2-10-24-40-44-;-3-10-;0;2;23570709;1;1;855914,6;1;6;33225,3;5;27;3611,4;119;585;177,7;280;1352;107,3;283;1322;62,2;4233;18710;20,2;5930;26447;15,1;13435;61439;12,3;22861;96739;11;88827;392902;8,1;207275;912910;4,3;0;0;2;2316,5;32;32,8;67;15,6;974;3,6;1411;2,9;5495;2,6;8609;10,7;21187;1,9;171495;2,6;KP2011472;;
2017014;VENDREDI;17/02/2017;1;19/04/2017;25;19;33;36;48;2;9;-19-25-33-36-48-;-2-9-;0;1;17000000;1;3;347002,9;0;8;30307,8;6;33;3593,8;161;711;177,9;313;1590;111;295;1502;66,6;5380;25531;18;6395;31155;15,6;13661;66061;13,9;32324;144487;9;97489;471329;8,3;202576;986394;4,8;1;4759,5;2;284,1;46;26,2;69;17,5;1266;3,2;1454;3,2;7852;2,1;15417;6,9;22188;2,1;242728;2,1;UZ1001410;;
2017015;MARDI   ;21/02/2017;2;23/04/2017;19;41;49;13;45;4;3;-13-19-41-45-49-;-3-4-;0;0;0;0;2;364667,6;0;3;56623,5;3;12;6924;96;469;188,9;173;946;130,7;190;928;75,6;2739;14342;22,5;4577;22453;15,2;9321;46637;13,8;15865;81058;11,2;71761;349450;7,8;142512;710356;4,7;0;0;0;0;26;179,1;29;29,6;659;4,4;1140;2,9;3602;3,2;6163;12,3;17702;1,9;164534;2,2;QY8166595;;
2017016;VENDREDI;24/02/2017;3;26/04/2017;13;2;43;22;4;8;9;-2-4-13-22-43-;-8-9-;0;0;0;1;7;154279,6;2;10;25153,4;3;32;3844,7;247;1038;126,4;340;1588;115,3;554;2203;47,1;4703;23372;20,4;9574;43523;11,6;20252;88645;10,7;24115;120351;11,2;126508;587214;6,9;262403;1193938;4,1;0;0;0;0;71;90,9;80;14,9;1094;3,7;2273;2;5512;2,9;8562;12,3;29737;1,6;214190;2,4;BK5927223;;
2017017;MARDI   ;28/02/2017;4;30/04/2017;35;31;10;42;20;2;12;-10-20-31-35-42-;-2-12-;0;0;0;0;0;0;0;4;240661,4;5;17;5232,4;89;410;231,4;140;760;174,2;215;1246;60,2;2108;11402;30,3;3822;20373;17,9;10487;54502;12,6;11320;60555;16,1;61444;308000;9,5;164927;821467;4,3;0;0;1;3974,4;25;36;41;21,9;484;6,3;866;4;2582;4,7;4385;18,1;14503;2,4;139558;2,7;SC4843304;;
2017018;VENDREDI;03/03/2017;5;03/05/2017;47;2;11;29;30;12;1;-2-11-29-30-47-;-1-12-;0;0;0;0;5;233684,5;2;6;45356,4;3;23;5787,4;108;667;212,8;251;1280;154,8;438;2199;51,1;3589;18400;28,1;6080;30390;18;20070;92728;11,1;19598;98747;14,8;89553;438894;10;283486;1319018;4;0;0;1;5598,9;20;63,4;56;22,6;787;5,5;1276;3,9;4455;3,9;7387;15,1;19402;2,6;164434;3,3;NZ0303414;;
2017019;MARDI   ;07/03/2017;6;07/05/2017;6;37;50;41;48;5;4;-6-37-41-48-50-;-4-5-;0;0;0;0;0;0;1;4;275024,5;3;23;4419,6;71;450;240,9;165;1031;146,7;158;1000;85,8;2987;16551;23,8;3796;23140;18;8433;49846;15,8;18759;100253;11,1;64498;368378;9,1;138488;777159;5,3;0;0;2;2131,7;16;60,3;25;38,6;663;4,9;737;5,1;4204;3,1;8652;9,8;14528;2,6;198477;2,1;SS5682118;;
2017020;VENDREDI;10/03/2017;7;10/05/2017;38;49;31;47;36;8;11;-31-36-38-47-49-;-8-11-;0;0;0;0;1;1279253,6;0;4;74488,1;4;31;4701,2;126;671;231,6;240;1493;145,3;311;1616;76,1;3686;22625;25;5525;31548;18,9;12689;70465;16;21402;123981;12,9;87300;488735;9,8;206468;1114364;5,3;0;0;2;2934;28;47,5;51;26;748;6;1140;4,5;4372;4,1;8730;13,4;17744;3;238200;2,4;MD4455708;;
2017021;MARDI   ;14/03/2017;1;14/05/2017;21;5;44;36;3;3;6;-3-5-21-36-44-;-3-6-;0;1;80571199;0;4;244777;1;7;32577,9;6;31;3598,1;128;693;171,6;420;1947;85,2;240;1443;65,2;6261;29265;14,8;6430;34032;13,4;12043;66907;12,9;33038;150788;8,1;97459;506197;7,2;189246;1004145;4,5;0;0;1;4510;34;30;96;10,6;1464;2,3;1448;2,7;7632;1,8;11354;7,9;22479;1,8;180244;2,4;TX0585422;;
2017022;VENDREDI;17/03/2017;2;17/05/2017;19;29;36;6;10;9;3;-6-10-19-29-36-;-3-9-;0;0;0;0;2;518886,3;2;11;21973,5;19;84;1407,4;247;1019;123,7;691;2770;63,5;444;1907;52,3;8612;36355;12,6;9847;41785;11,6;18851;81326;11,3;40772;178397;7,2;128005;564357;6,9;250361;1103923;4,3;0;0;5;1038,3;66;17,8;168;7;2097;1,9;2380;1,9;9559;1,6;14486;7,1;29285;1,6;209216;2,4;NW4943096;;
2017023;MARDI   ;21/03/2017;3;21/05/2017;47;23;20;44;1;11;4;-1-20-23-44-47-;-4-11-;0;0;0;0;2;373296,5;1;5;34778;4;21;4050,2;83;411;220,7;160;965;131,2;190;973;73,8;2631;14392;22,9;3986;19970;17,5;10183;48313;13,6;14340;75836;12,3;62892;311529;9;161171;770119;4,4;0;0;1;3778,6;20;42,8;44;19,4;659;4,4;921;3,6;3518;3,3;5712;13,2;15185;2,2;133844;2,7;GF6982066;;
2017024;VENDREDI;24/03/2017;4;24/05/2017;2;21;17;27;34;5;9;-2-17-21-27-34-;-5-9-;0;0;0;1;7;152897,1;1;5;49856;16;82;1486,9;208;1168;111,3;530;2893;62,7;405;2019;50,9;7233;37976;12,4;8922;44252;11,3;17705;85489;11;35155;185338;7,2;122621;600419;6,7;243772;1154547;4,2;0;0;2;2573,2;56;20,8;109;10,7;1682;2,3;2025;2,2;7982;2;12730;8;27863;1,6;214595;2,3;JB1826572;;
2017025;MARDI   ;28/03/2017;5;28/05/2017;33;13;46;9;31;6;10;-9-13-31-33-46-;-6-10-;0;0;0;1;3;266676,3;2;13;14333,5;10;31;2940;105;594;163,6;218;1160;116,9;252;1377;55,8;3048;16499;21,4;4880;25210;14,8;11705;61436;11,5;15730;85940;11,6;70564;359331;8,3;171132;885792;4,1;1;3426,8;1;409,1;24;36,2;39;22,2;695;4,2;1124;3;3604;3,3;5635;13,6;16513;2,1;138825;2,7;VP7124209;;
2017026;VENDREDI;31/03/2017;6;31/05/2017;24;26;45;17;28;4;12;-17-24-26-28-45-;-4-12-;0;0;0;0;2;585756,2;2;14;19489,8;5;23;5802,7;119;721;197,4;202;1195;166,2;437;2096;53,7;2957;17946;28,9;6544;33464;16,3;19620;95479;10,8;15866;94913;15,4;93678;480911;9,1;277881;1364410;3,9;0;0;1;5348,7;21;57,7;45;26,9;585;7;1424;3,3;3295;5;5245;20,3;20475;2,3;166448;3,1;GB2587770;;
2017027;MARDI   ;04/04/2017;7;04/06/2017;24;33;9;1;34;2;6;-1-9-24-33-34-;-2-6-;0;0;0;1;3;297859,9;1;4;52031,2;11;32;3181,2;114;575;188,8;366;1639;92,4;239;1175;73,1;5226;24843;15,9;5615;27920;14,9;11537;60062;13,1;27843;132897;8,4;86986;426256;7,8;181156;911875;4,5;0;0;1;4282,2;30;32,3;85;11,4;1186;2,7;1279;2,9;6488;2;10842;7,8;20270;1,9;178344;2,3;RG1490364;;
2017028;VENDREDI;07/04/2017;8;07/06/2017;35;10;2;50;19;7;6;-2-10-19-35-50-;-6-7-;0;0;0;1;2;617869,9;1;11;26165,2;10;47;2995,3;199;899;167;463;1974;106,1;443;2014;59;6338;29033;18,8;9805;43568;13,2;18549;88858;12,3;33151;154973;9,9;142244;636764;7,2;261207;1277867;4,4;1;5223,7;1;623,7;45;29,4;82;16,1;1311;3,4;2157;2,4;6739;2,6;11348;10,3;31689;1,6;270162;2,1;NL0180105;;
2017029;MARDI   ;11/04/2017;1;11/06/2017;22;5;31;49;21;8;2;-5-21-22-31-49-;-2-8-;1;1;83397527;0;1;986781,3;0;5;45966,5;8;34;3306,4;111;679;176,6;420;1981;84,4;265;1331;71,3;6187;30230;14,4;6195;31833;14,5;13318;69370;12,6;33325;163646;7,5;95614;479239;7,7;201351;1029199;4,4;0;0;1;4992,2;27;41,9;110;10,2;1535;2,5;1492;2,9;8644;1,7;14130;7;23782;1,9;202451;2,4;FZ9805744;;
2017030;VENDREDI;14/04/2017;2;14/06/2017;33;20;4;14;23;6;10;-4-14-20-23-33-;-6-10-;0;0;0;0;3;325832,5;0;5;45534;11;46;2420,8;193;852;139,4;319;1474;112,4;443;2149;43,7;4364;20801;20,8;7728;34054;13,4;20082;88122;9,8;21277;103554;11,8;104102;459998;7,9;265650;1185499;3,8;0;0;0;0;45;148,1;79;15,5;1048;4;1809;2,6;4960;3,4;8027;13,5;25460;1,9;188344;2,8;ES0300703;;
2017031;MARDI   ;18/04/2017;3;18/06/2017;22;17;45;38;31;12;5;-17-22-31-38-45-;-5-12-;0;0;0;1;1;699968,4;0;3;54343,5;1;14;5695,9;84;426;199,6;123;695;170,8;230;1110;60,6;1778;10301;30,1;3848;19911;16,4;10164;48987;12,6;9886;55483;15,8;54820;292336;9;149691;730439;4,4;0;0;0;0;29;166,5;33;27;425;7,1;973;3,6;2474;4,9;4272;18,4;13901;2,5;135097;2,8;LV9755020;;
2017032;VENDREDI;21/04/2017;4;21/06/2017;2;13;22;49;16;4;5;-2-13-16-22-49-;-4-5-;0;0;0;0;3;347215,1;4;6;40435,1;9;39;3042,7;201;888;142,5;455;1784;99;399;1861;53,8;5288;24839;18,5;9178;40647;12;18346;80735;11,4;27414;129174;10,1;121900;568872;6,8;241731;1108135;4,3;0;0;1;5406,1;54;22,6;122;10;1286;3,2;2277;2,1;6269;2,6;9569;11,2;29920;1,6;219641;2,4;DO0120801;;
2017033;MARDI   ;25/04/2017;5;25/06/2017;11;9;32;19;43;3;9;-9-11-19-32-43-;-3-9-;0;0;0;3;9;87179,1;4;7;26106,4;11;50;1787,7;146;758;125,7;460;2180;61;295;1403;53,8;6219;29523;11,7;6620;31559;11,6;11845;58499;11,8;29375;141385;6,9;87986;431628;6,8;166254;820118;4,4;2;1800,6;1;430;44;20,7;122;7,4;1742;1,7;1703;2,1;7801;1,6;10580;7,6;22865;1,6;159347;2,4;CW4186264;;
2017034;VENDREDI;28/04/2017;6;28/06/2017;20;25;30;39;14;8;2;-14-20-25-30-39-;-2-8-;0;0;0;0;2;582414,6;1;4;67825,5;9;63;2106,3;154;872;162,3;538;2620;75,4;303;1794;62,4;7675;37060;13,9;7266;38755;14;15427;81489;12,6;41870;196312;7,4;111041;557444;7,8;231582;1180984;4,5;0;0;1;5607,7;37;34,3;120;10,5;1766;2,4;1639;3;10153;1,7;16966;6,6;25609;1,9;231199;2,3;GW8857246;;
2017035;MARDI   ;02/05/2017;7;02/07/2017;27;25;19;6;23;12;11;-6-19-23-25-27-;-11-12-;0;0;0;1;2;395316,8;4;13;14165,1;5;20;4503,6;132;573;167,6;140;808;165,9;562;2340;32,5;2113;11636;30,1;4489;22325;16,5;19770;87738;7,9;11007;60687;16,3;59106;300043;9,9;242410;1103995;3,3;0;0;1;4021,4;33;27,6;32;28,4;459;6,7;1048;3,4;2331;5,3;3828;21;14418;2,5;104047;3,7;JK7282062;;
2017036;VENDREDI;05/05/2017;8;05/07/2017;7;43;30;3;35;1;3;-3-7-30-35-43-;-1-3-;0;0;0;0;4;309747,4;0;2;144287,3;5;41;3442,7;218;923;163,1;437;1887;111,3;333;1698;70,1;6761;31310;17,5;9064;43330;13,3;16776;84899;12,9;34485;157020;9,8;136654;636510;7,3;261719;1278175;4,4;0;0;1;5966,1;45;30;109;12,4;1521;3;2061;2,5;7367;2,5;10834;11;30256;1,7;236297;2,4;FS5472198;;
2017037;MARDI   ;09/05/2017;9;09/07/2017;26;22;16;12;8;7;6;-8-12-16-22-26-;-6-7-;0;0;0;3;10;96432,9;1;13;17277,1;13;52;2112,6;331;1263;92,7;502;2087;78,3;546;2231;41,5;6475;28776;14,8;10631;45771;9,8;17476;83417;10,2;26137;127810;9,4;128247;580491;6,2;215343;1076334;4,1;2;2000,2;3;159,2;95;10,6;123;8,2;1455;2,3;2598;1,5;5661;2,4;8351;10,7;30437;1,3;190607;2,3;PU7282438;;
2017038;VENDREDI;12/05/2017;10;12/07/2017;2;28;29;44;20;3;9;-2-20-28-29-44-;-3-9-;0;0;0;0;0;0;4;10;170116,9;12;55;2858;217;923;181,6;570;2642;88,5;407;2063;64,3;9312;40239;15,1;9859;45203;14,2;20646;94832;12,8;49831;223008;7,7;148776;673987;7,6;308110;1398397;4,5;0;0;3;2156;55;26,6;124;11,8;2128;2,3;2212;2,6;11369;1,7;18144;7,1;32462;1,8;264503;2,3;HS7340802;;
2017039;MARDI   ;16/05/2017;11;16/07/2017;20;8;30;11;15;3;8;-8-11-15-20-30-;-3-8-;0;0;0;0;3;372071;6;17;15292,8;23;82;1550,7;334;1365;99,3;722;2998;63,1;571;2487;43,1;7603;37148;13,3;10979;50466;10,3;21220;95673;10,3;33515;173088;8;129875;618881;6,7;252905;1229049;4,1;0;0;2;2527,4;86;13,3;174;6,5;1815;2,1;2713;1,6;7521;2;10709;9,4;30125;1,5;197342;2,5;FH3024294;;
2017040;VENDREDI;19/05/2017;12;19/07/2017;30;12;9;19;11;9;4;-9-11-12-19-30-;-4-9-;0;0;0;1;6;269554,1;5;15;25112,8;36;116;1588,3;599;2155;91,1;1209;4725;58;1066;3998;38,9;13050;58946;12,1;19483;78073;9,7;37198;153428;9,3;53382;263339;7,6;213530;937524;6,4;434244;1938752;3,8;0;0;10;717,5;150;10,8;339;4,7;3034;1,8;4530;1,4;11948;1,8;15448;9,2;48125;1,3;257554;2,7;JP2709533;;
2017041;MARDI   ;23/05/2017;13;23/07/2017;15;8;42;25;27;1;4;-8-15-25-27-42-;-1-4-;0;0;0;0;4;334478,8;4;8;38951,9;13;51;2988,6;233;1066;152,5;418;2117;107,1;530;2582;49,8;5692;28867;20,5;9330;47039;13,3;21392;109569;10,8;28912;149808;11,1;127530;642045;7,8;290666;1505250;4,1;0;0;2;2887,8;46;28,4;76;17,2;1260;3,5;1922;2,6;5930;3;9734;11,8;27592;1,9;219397;2,5;JA5768729;;
2017042;VENDREDI;26/05/2017;14;26/07/2017;36;5;39;7;26;2;10;-5-7-26-36-39-;-2-10-;0;0;0;1;4;427598,1;4;9;44263,3;8;55;3542,8;194;1230;168,9;451;2572;112,7;488;2715;60,6;7188;37779;20;9240;52565;15,2;22413;127337;11,9;37487;196462;10,9;143250;787862;8,1;344302;1895568;4,1;0;0;1;6827,3;42;36,8;104;14,8;1594;3,3;1880;3,2;8507;2,4;13692;9,9;30989;2;252391;2,6;KR6327590;;
2017043;MARDI   ;30/05/2017;15;30/07/2017;27;48;38;12;7;9;6;-7-12-27-38-48-;-6-9-;0;0;0;0;3;484442,6;2;17;19911,5;11;54;3066;275;1266;139,4;603;2982;82,6;623;2866;48,7;8419;40909;15,7;11611;53492;12,7;24619;115921;11,1;40926;206300;8,8;159162;747463;7,3;336963;1604043;4,1;0;0;2;3265;69;21,4;144;10,2;1933;2,6;2612;2,2;8759;2,3;13761;9,4;34576;1,7;258196;2,4;JN6289580;;
2017044;VENDREDI;02/06/2017;1;02/08/2017;8;42;33;24;10;9;3;-8-10-24-33-42-;-3-9-;0;1;153873716;1;7;290732;6;23;20608,8;25;111;2088,7;374;1827;135,3;949;4387;78,6;895;3983;49,1;12961;61745;14,6;15214;74589;12,7;32932;158010;11,4;67935;329474;7,7;206108;1025852;7,4;441133;2159425;4,3;1;7698,4;3;306,4;92;21,2;219;8,9;2806;2,3;3160;2,4;15069;1,7;23976;7,1;43145;1,8;347477;2,4;FZ0366137;;
2017045;MARDI   ;06/06/2017;2;06/08/2017;25;40;20;22;37;7;3;-20-22-25-37-40-;-3-7-;0;0;0;0;0;0;1;3;318587,2;5;31;2848,8;108;514;183,2;337;1657;79,3;199;1063;70,1;5914;27783;12,3;4476;22954;15,8;8804;47389;14,4;35719;162020;5,9;76914;367668;7,9;142387;733727;4,8;0;0;3;1351,3;27;34;79;11,6;1464;2,1;1086;3,3;8876;1,4;15913;5;18196;2;187567;2,1;EN0269114;;
2017046;VENDREDI;09/06/2017;3;09/08/2017;9;39;27;20;43;11;10;-9-20-27-39-43-;-10-11-;0;0;0;0;1;1114645,4;4;11;23601,2;3;17;7469,7;159;699;193,7;237;1351;139,9;467;2157;49,7;3349;18657;26,4;6420;31122;16,7;19957;90499;10,9;18376;101443;13,7;88853;431977;9,7;279874;1276750;4;0;0;0;0;42;161,4;57;21,9;713;5,9;1414;3,4;3959;4,3;6183;17,8;19968;2,5;170769;3,1;NM2105802;;
2017047;MARDI   ;13/06/2017;4;13/08/2017;12;3;22;27;49;11;4;-3-12-22-27-49-;-4-11-;0;0;0;0;2;407800,2;3;12;15830,2;4;26;3573,7;173;611;162,2;238;1279;108,1;446;1735;45,2;3348;16878;21,4;6226;28149;13,5;17044;74209;9,7;16300;84363;12,1;82492;386576;7,9;218940;997580;3,7;0;0;2;2087,8;61;15,5;45;21;847;3,8;1593;2,3;4027;3,2;6246;13,3;20169;1,8;139782;2,9;LE7899440;;
2017048;VENDREDI;16/06/2017;5;16/08/2017;38;42;15;17;41;9;12;-15-17-38-41-42-;-9-12-;0;0;0;0;8;140525,5;0;13;20141,5;2;20;6403,6;123;653;209,2;181;1070;178,2;319;1684;64,2;2785;15981;31,1;5701;29474;17,8;15159;75357;13,2;15354;85775;16,4;86405;442692;9,5;238830;1159464;4,4;0;0;1;5549,6;24;52,4;41;30,6;540;7,9;1231;4;3144;5,4;5459;20,3;19170;2,6;199006;2,7;IV9962182;;
2017049;MARDI   ;20/06/2017;6;20/08/2017;44;43;11;18;26;8;10;-11-18-26-43-44-;-8-10-;0;0;0;0;3;281580,8;0;4;49187,5;4;24;4009,8;92;533;192,5;196;1130;126,8;245;1275;63,7;3371;16821;22,2;5049;25527;15,4;12599;60458;12,3;17193;87600;12;75134;379200;8,3;182340;897423;4,3;0;0;0;0;20;251,9;53;17,5;815;3,8;1198;3;4182;3;6507;12,6;17721;2,1;146253;2,7;DS8988661;;
2017050;VENDREDI;23/06/2017;7;23/08/2017;4;31;21;3;38;3;7;-3-4-21-31-38-;-3-7-;0;0;0;0;4;299869,8;0;4;69843;9;45;3036,6;129;725;201;712;3326;61,1;307;1557;74,1;11441;53795;9,8;8219;41003;13,7;14600;77727;13,6;59473;271863;5,5;130282;637300;7;228716;1198651;4,6;0;0;3;1850,1;30;41,9;161;7,8;2671;1,6;1923;2,5;13675;1,2;19240;5,7;29082;1,7;240375;2,2;KI7067839;;
2017051;MARDI   ;27/06/2017;8;27/08/2017;45;17;21;9;28;1;3;-9-17-21-28-45-;-1-3-;0;0;0;2;7;134619,5;1;7;31354,4;8;50;2147;228;1018;112,4;336;1645;97,1;394;2042;44,3;4640;23269;17,9;7850;38384;11,4;16326;82034;10,1;22964;117443;10;99339;497070;7,1;208628;1070350;4;0;0;3;1437,2;58;16,8;65;15;1141;2,9;1848;2;5181;2,5;7864;10,9;23550;1,6;167614;2,5;AY3993858;;
2017052;VENDREDI;30/06/2017;Super Jackpot et tirages suivants;30/08/2017;35;50;39;17;47;6;8;-17-35-39-47-50-;-6-8-;0;1;100000000;1;6;312627,5;2;7;62412,4;13;51;4190;250;1145;199;547;2819;112,8;597;2660;67,8;9212;42873;19,3;11175;54632;16;24536;120296;13,8;54966;239603;9,8;171968;819304;8,6;373658;1773960;4,8;0;0;1;8928,6;43;47;117;17,2;1709;4;2003;3,9;10553;2,6;21646;8,2;32838;2,4;389123;2,2;TQ5981380;;
2017053;MARDI   ;04/07/2017;Super Jackpot et tirages suivants;03/09/2017;22;25;10;37;49;8;5;-10-22-25-37-49-;-5-8-;0;0;0;0;2;379863,3;3;4;44237,2;10;41;2111;118;576;160,2;364;1875;68,7;238;1228;59,5;5206;26316;12,7;5285;26491;13,4;11340;53474;12,5;27197;139075;6,8;78716;384356;7,4;163052;761876;4,6;0;0;3;1333,2;38;23,8;105;8,6;1199;2,5;1311;2,7;6679;1,8;11151;7,1;18903;1,9;161035;2,4;EB6039519;;
2017054;VENDREDI;07/07/2017;1;06/09/2017;45;37;20;35;11;3;6;-11-20-35-37-45-;-3-6-;0;1;28975630;1;5;218998,7;2;10;25503,6;6;31;4024;153;821;162;361;1682;110,4;316;1598;65,9;6363;26983;17,9;6550;32427;15,8;13587;67850;14,2;38007;157645;8,7;103635;491840;8,3;211566;1022080;4,9;0;0;2;2722,1;25;49,3;85;14,5;1398;3;1363;3,5;8613;1,9;15412;7;22361;2,2;237780;2,2;ND8138621;;
2017055;MARDI   ;11/07/2017;1;10/09/2017;50;26;42;22;14;8;10;-14-22-26-42-50-;-8-10-;0;1;17000000;0;2;369210,2;0;5;34397,3;5;29;2900,8;76;443;202,5;204;955;131,1;208;1072;66,2;2737;14187;23;4120;21345;16,2;10087;50952;12,8;15303;75221;12,3;63232;319253;8,6;154266;762345;4,4;0;0;2;1916;14;62;44;19,7;651;4,5;969;3,5;3789;3,1;6450;11,8;14932;2,3;141126;2,6;EQ6437626;;
2017056;VENDREDI;14/07/2017;2;13/09/2017;21;14;20;47;11;10;7;-11-14-20-21-47-;-7-10-;0;0;0;0;1;1004016,9;2;3;77948,9;10;38;3010;165;709;172;315;1446;117,7;311;1532;63;4581;21105;21;7279;34252;13,7;15603;75388;11,8;23485;108366;11,6;103959;500930;7,5;222956;1108450;4,1;0;0;2;2337,5;46;23;72;14,7;1047;3,4;1709;2,4;5538;2,6;8700;10,7;23859;1,7;184400;2,4;UQ3542719;;
2017057;MARDI   ;18/07/2017;3;17/09/2017;41;27;1;45;25;7;5;-1-25-27-41-45-;-5-7-;0;0;0;1;5;148215,2;0;2;86302,5;1;21;4020,3;83;474;189,9;294;1499;83,8;162;902;79;5331;25984;12,6;4454;22709;15,2;7971;42754;15,3;29894;143431;6,4;72998;366785;7,5;131092;675226;5;0;0;0;0;12;375,6;70;11,8;1242;2,2;1053;3,1;7205;1,5;12141;6;17328;1,9;168079;2,1;JT6900372;;
2017058;VENDREDI;21/07/2017;4;20/09/2017;8;1;26;49;9;9;5;-1-8-9-26-49-;-5-9-;0;0;0;0;2;524034;2;3;81368,9;16;52;2296,1;221;895;142,3;565;2398;74,1;408;1716;58,7;7476;35167;13,2;9919;41037;11,9;18196;76145;12,1;36254;182995;7,1;126935;564974;6,9;239839;1069100;4,5;0;0;6;840,2;53;21,5;137;8,3;1898;2;2328;1,9;8426;1,8;11499;8,7;29602;1,5;201398;2,4;FQ4069297;;
2017059;MARDI   ;25/07/2017;5;24/09/2017;14;44;43;48;12;11;2;-12-14-43-44-48-;-2-11-;0;0;0;0;1;789831,2;0;3;61320,2;4;23;3912,2;68;376;255,2;187;955;140,2;153;931;81,6;3102;15590;22,4;3752;20402;18,1;8997;46814;14,9;17621;88833;11,1;63786;327437;9;155602;772642;4,7;0;0;0;0;19;245,1;35;24,5;707;4,1;811;4,1;4139;2,8;7095;10,7;14917;2,3;142703;2,6;MU4802192;;
2017060;VENDREDI;28/07/2017;1;27/09/2017;41;9;31;5;29;4;2;-5-9-29-31-41-;-2-4-;0;1;57871110;0;3;386027,3;1;7;38532,9;11;57;2314,6;174;819;171,8;405;1984;99;325;1850;60,2;5949;28366;18;8053;38374;14,1;17009;83876;12,2;31925;148371;9,7;121016;570357;7,6;251444;1218959;4,3;0;0;2;2700,1;34;36;95;12,8;1278;3,2;1762;2,7;6766;2,4;11147;9,6;26828;1,8;225229;2,3;GK7737557;;
2017061;MARDI   ;01/08/2017;2;01/10/2017;29;24;21;30;14;10;8;-14-21-24-29-30-;-8-10-;0;0;0;0;4;178435,6;5;12;13853,2;6;25;3252,4;128;579;149,7;261;1096;110,4;338;1464;46,9;2962;14436;21,9;5026;23699;14,1;12581;58934;10,7;15261;74867;11,9;66327;330638;8,1;166940;810694;4;0;0;0;0;36;124,1;61;13,5;722;3,9;1202;2,7;3900;2,9;5993;12,1;15841;2;130090;2,7;QR8281574;;
2017062;VENDREDI;04/08/2017;3;04/10/2017;29;30;41;40;36;9;2;-29-30-36-40-41-;-2-9-;0;0;0;0;4;257083,6;0;5;47902,1;3;25;4686;83;519;240,7;236;1197;145,7;188;1076;91,9;4414;22690;20;4484;24919;19,3;9487;52567;17,3;28908;137455;9,3;78743;420217;9,2;164932;879894;5,3;0;0;0;0;18;338;42;26,7;966;3,9;949;4,6;6891;2,2;14436;6,8;16741;2,6;237617;2;ER2453892;;
2017063;MARDI   ;08/08/2017;1;08/10/2017;26;15;40;25;41;4;5;-15-25-26-40-41-;-4-5-;0;1;36563144;1;4;190106,2;0;5;35422,3;5;24;3609,6;86;485;190,5;208;1171;110,1;189;975;75;3269;17221;19,5;4114;23975;14,8;7958;45521;14,8;17888;90484;10,5;67529;369504;7,7;131571;705906;4,9;0;0;0;0;24;191,9;52;16,3;734;3,9;939;3,5;3938;2,9;7247;10,3;15315;2,2;165308;2,2;FD7396069;;
2017064;VENDREDI;11/08/2017;2;11/10/2017;39;48;28;46;18;12;5;-18-28-39-46-48-;-5-12-;0;0;0;1;3;331152,7;1;5;46277,5;6;33;3429,6;134;646;186,8;178;1027;164;354;1536;62,2;2688;14822;29,6;5342;27002;17,2;13863;66401;13,2;14587;79233;15,7;76426;384165;9,7;200560;938643;4,8;0;0;1;4906,1;20;55,6;43;25,8;607;6,2;1085;4;3058;4,9;5447;18;16078;2,7;176579;2,7;IM0515317;;
2017065;MARDI   ;15/08/2017;3;15/10/2017;14;30;46;10;35;4;10;-10-14-30-35-46-;-4-10-;0;0;0;0;0;0;1;4;203988,9;3;18;4188,6;70;397;202,5;155;796;141;146;930;68,4;2450;12204;24;3173;18107;17,1;7465;43179;13,5;13161;64398;12,8;53948;277649;8,9;128998;667406;4,5;0;0;0;0;14;287,5;37;20,1;557;4,5;723;4;3232;3,1;5256;12,4;12872;2,3;118413;2,7;IW0762686;;
2017066;VENDREDI;18/08/2017;4;18/10/2017;39;42;24;45;2;2;8;-2-24-39-42-45-;-2-8-;0;0;0;0;3;346160,2;0;5;48374,8;4;36;3286,3;128;650;194,1;383;2017;87,3;242;1318;75,8;6363;30792;14,9;5727;30161;16,1;11665;62411;14,7;36534;173919;7,4;89135;455753;8,5;181110;946271;5;0;0;0;0;29;203,9;71;15,3;1595;2,3;1238;3,4;8694;1,7;14567;6,6;19783;2,2;204277;2,3;NS4614807;;
2017067;MARDI   ;22/08/2017;1;22/10/2017;10;12;17;3;27;3;5;-3-10-12-17-27-;-3-5-;1;1;44105265;3;12;64840,1;1;8;22653;38;126;703,5;373;1540;61,3;777;3727;35,4;537;2247;33,3;7598;36864;9,3;11374;48664;7,4;19176;79413;8,6;29239;149279;6,5;113584;531479;5,5;202540;930622;3,8;0;0;16;232,3;106;7,9;191;4,4;1807;1,5;3033;1;6824;1,6;8125;9,1;28388;1,1;137444;2,6;AO0810143;;
2017068;VENDREDI;25/08/2017;1;25/10/2017;15;7;1;47;5;9;12;-1-5-7-15-47-;-9-12-;0;1;17000000;0;2;495917,1;4;14;16500,6;4;24;4708;219;841;143,3;196;1054;159,6;582;2304;41,4;2798;14733;29,8;7686;33589;13,8;23641;98628;8,9;13610;74972;16,5;97639;449128;8,3;286807;1254375;3,6;0;0;0;0;49;124,7;43;26,2;633;6;1913;2,3;2917;5,3;4663;21,3;23283;1,9;159303;3;NE6004308;;
2017069;MARDI   ;29/08/2017;2;29/10/2017;4;12;32;15;38;1;5;-4-12-15-32-38-;-1-5-;0;0;0;0;1;695443,6;0;4;40494,1;2;29;2731,9;91;567;149;223;1155;102,1;208;1180;56,6;3564;17328;17,7;4662;23963;13,5;10274;51303;12;19117;91726;9,5;70820;350582;7,4;153741;732569;4,3;0;0;0;0;23;204,5;47;18,4;897;3,3;1216;2,8;4774;2,4;7863;9,7;17637;1,9;152544;2,4;IE6555666;;
2017070;VENDREDI;01/09/2017;1;01/11/2017;8;7;3;14;49;5;8;-3-7-8-14-49-;-5-8-;1;1;28287321;0;3;344019,4;0;5;48075,6;15;44;2672,1;245;955;131,3;616;2749;63,6;461;1830;54,2;9145;41270;11;10226;43119;11,2;20789;85550;10,6;42687;204738;6,3;132438;595082;6,5;270315;1179926;4;0;0;2;2738,1;62;20;157;7,9;2258;1,8;2658;1,8;10420;1,6;13634;8;33406;1,4;201987;2,6;KJ4514011;;
2017071;MARDI   ;05/09/2017;2;05/11/2017;28;18;29;6;9;9;1;-6-9-18-28-29-;-1-9-;0;0;0;0;5;142799,2;3;12;13858,1;15;57;1427;218;906;95,7;382;1668;72,6;437;1603;42,8;5296;21772;14,5;7440;31037;10,7;15420;65089;9,7;22674;98087;9,1;91111;391894;6,8;192954;838812;3,9;0;0;6;689,3;63;14,8;115;8,1;1388;2,3;2027;1,8;5956;2,1;8330;9,9;25041;1,5;148283;2,7;KD8475479;;
2017072;VENDREDI;08/09/2017;3;08/11/2017;42;47;24;49;9;1;5;-9-24-42-47-49-;-1-5-;0;0;0;0;1;1051958,4;0;4;61253,2;5;24;4993,4;120;580;220,4;341;1466;121,7;293;1346;75,1;5086;22753;20,4;6451;29517;16,6;14388;65617;14,2;29699;130535;10;101385;463292;8,5;224214;1003813;4,8;0;0;0;0;25;283,4;89;14,7;1170;3,8;1421;3,6;6964;2,5;12420;9,3;23449;2,2;238385;2,3;WA6281732;;
2017073;MARDI   ;12/09/2017;4;12/11/2017;35;17;29;10;27;4;11;-10-17-27-29-35-;-4-11-;0;0;0;0;2;408037,8;4;5;38014,6;5;26;3575,7;139;697;142,2;265;1255;110,2;367;1740;45,1;3469;17329;20,8;6251;28998;13,1;17903;78450;9,2;17180;86249;11,8;82774;387697;7,9;215457;989179;3,8;0;0;2;2168;27;36,4;76;12,9;852;3,9;1510;2,5;4191;3,2;6686;12,9;19953;1,9;148667;2,8;VU3938254;;
2017074;VENDREDI;15/09/2017;Super Jackpot et tirages suivants;15/11/2017;44;49;13;18;37;9;12;-13-18-37-44-49-;-9-12-;0;0;0;0;6;354592;4;19;26080,5;11;42;5770,9;324;1418;182,3;529;2533;142,4;817;3429;59,6;7697;36245;26;15007;64513;15,4;39020;159188;11,8;41090;190862;13,9;211133;919842;8,6;552643;2283940;4,3;0;0;2;5250,3;63;37,7;96;24,7;1499;5,4;3037;3;7799;4,1;12977;16,1;42343;2,2;366031;2,8;SQ4050119;;
2017075;MARDI   ;19/09/2017;Super Jackpot et tirages suivants;19/11/2017;45;21;1;8;30;3;2;-1-8-21-30-45-;-2-3-;0;0;0;3;8;174307;2;11;29525,8;7;41;3874,6;261;1049;161,5;393;2091;113,1;553;2210;60,7;6125;30268;20,4;10281;47511;13,7;20168;97136;12,7;31122;157465;11;148163;696585;7,5;291073;1405122;4,5;0;0;2;3218,5;43;33,9;78;18,7;1256;3,9;2246;2,5;6657;3;10965;11,7;32635;1,7;283247;2,2;ED2944008;;
2017076;VENDREDI;22/09/2017;Super Jackpot et tirages suivants;22/11/2017;6;31;39;42;11;3;1;-6-11-31-39-42-;-1-3-;0;0;0;0;2;963345,2;3;9;49860,9;11;64;3429,6;262;1266;184,9;583;2671;122,3;574;2757;67,2;9643;42947;19,8;12677;59276;15,2;28415;132787;12,8;52633;231066;10,4;199377;888030;8,1;432654;1963331;4,5;0;0;1;9165,6;56;37;101;20,5;1902;3,7;2590;3,1;10809;2,6;17113;10,7;40503;2;370831;2,4;SZ0801375;;
2017077;MARDI   ;26/09/2017;Super Jackpot et tirages suivants;26/11/2017;40;29;1;48;41;12;6;-1-29-40-41-48-;-6-12-;0;0;0;1;8;199677,1;2;7;53150,9;12;42;4332,9;157;800;242,6;345;1752;154,6;351;1916;80,2;5441;26674;26,5;7359;37830;19,7;17811;94285;15;31170;148962;13,4;117643;596975;10;295894;1488156;4,9;0;0;2;3659,7;23;72,1;57;29,1;1098;5,1;1430;4,5;6261;3,6;11493;12,7;23565;2,8;264254;2,7;TF3641419;;
2017078;VENDREDI;29/09/2017;Super Jackpot et tirages suivants;29/11/2017;18;32;7;48;19;3;7;-7-18-19-32-48-;-3-7-;0;0;0;2;7;320207,6;3;20;26103;30;124;2059,3;460;2029;134,2;1424;6348;59,8;764;3908;55,1;21758;91021;10,9;19526;83594;12,5;35011;162999;12,1;110028;453867;6,1;281209;1191188;7;502349;2300570;4,5;1;9521,8;5;227,3;110;21,9;322;7,5;4771;1,7;4174;2,2;23602;1,4;32601;6,5;59155;1,6;446044;2,3;MR1377345;;
2017079;MARDI   ;03/10/2017;Super Jackpot et tirages suivants;03/12/2017;32;6;50;24;48;1;5;-6-24-32-48-50-;-1-5-;0;0;0;2;4;1504612,3;2;17;29859,2;18;70;3546,9;307;1469;180,2;634;2999;123,2;734;3497;59,9;10024;46207;20,8;14034;65740;15,5;31404;147110;13,1;59119;262334;10,4;203815;952354;8,6;463491;2107578;4,7;1;9540,8;1;1139,2;54;44,8;133;18,2;1976;4,1;2765;3,4;11673;2,8;22199;9,6;40448;2,4;438244;2,3;VF4491174;;
2017080;VENDREDI;06/10/2017;1;06/12/2017;15;1;9;25;19;1;7;-1-9-15-19-25-;-1-7-;0;1;190000000;4;16;1291056;2;22;27910,6;43;161;1865,4;947;3119;102,7;2014;6365;70,2;1532;5668;44,7;23573;79614;14,6;32229;116308;10,6;57231;221456;10,5;103872;363925;9;379230;1438780;6,8;724921;2939995;4,1;0;0;7;1926,6;219;13,9;433;7;5303;1,9;7053;1,7;21853;1,9;29547;9,1;80174;1,5;526510;2,5;KP2029992;;
2017081;MARDI   ;10/10/2017;2;10/12/2017;36;4;37;21;34;6;3;-4-21-34-36-37-;-3-6-;0;0;0;0;1;841908,4;1;4;49022,5;4;26;3688,9;86;466;219,5;287;1361;104,9;188;989;81,8;5001;21211;17,5;4792;23807;16,5;9831;49395;15,1;30122;121922;8,6;78331;368630;8,5;160744;763924;5;0;0;0;0;22;268,8;72;15,1;1179;3,1;1056;4;7347;2;13694;7;18417;2,3;214000;2,2;NJ3275440;;
2017082;VENDREDI;13/10/2017;3;13/12/2017;23;37;50;29;45;5;11;-23-29-37-45-50-;-5-11-;0;0;0;0;2;737887;3;9;38191,6;9;45;3736,1;210;893;200,8;525;2134;117,3;491;2048;69,3;7090;30447;21,4;10915;43671;15,8;25436;96775;13,5;38955;164479;11,2;157850;637728;8,6;372738;1420204;4,8;0;0;0;0;32;323,9;111;17,2;1369;4,7;2180;3,4;7627;3,4;13892;12,1;31200;2,4;327577;2,5;EX2045952;;
2017083;MARDI   ;17/10/2017;4;17/12/2017;19;26;17;13;36;2;3;-13-17-19-26-36-;-2-3-;0;0;0;0;0;0;2;8;130419,7;1;30;3213,6;174;783;131,3;286;1482;96,8;293;1513;53,8;4283;19604;19,1;7740;36243;10,9;14203;66783;11,2;20873;97256;10,9;110707;501781;6,3;201881;933246;4,1;0;0;1;4592,8;37;28,1;70;14,8;964;3,6;1842;2,2;4925;2,8;7111;12,9;27538;1,5;191886;2,3;NF8021678;;
2017084;VENDREDI;20/10/2017;5;20/12/2017;4;27;23;30;17;3;8;-4-17-23-27-30-;-3-8-;0;0;0;3;8;151492,3;3;15;18818,2;19;84;1643,6;369;1525;96,5;750;3401;60,4;735;2873;40,5;9225;43688;12,2;13199;56967;9,9;25288;110324;9,7;42781;200749;7,5;161790;712640;6,3;318974;1403739;3,9;1;5643,1;3;224,6;80;17,8;181;7,9;2130;2,2;3063;1,8;9500;2;13861;9,1;37529;1,5;248704;2,4;OC8519065;;
2017085;MARDI   ;24/10/2017;1;24/12/2017;27;9;33;13;11;10;7;-9-11-13-27-33-;-7-10-;0;1;65407072;0;6;148690,1;1;11;18889,9;18;54;1882,1;249;1277;84,8;490;1817;83,2;524;2655;32,3;5497;22229;17,7;10107;44165;9,4;20872;95656;8,2;24316;103819;10,7;118049;523928;6,4;243747;1148829;3,5;0;0;4;1144,5;62;16,7;119;8,7;1355;2,6;2561;1,5;5804;2,4;8292;11;29487;1,4;167816;2,6;BO7166168;;
2017086;VENDREDI;27/10/2017;1;27/12/2017;39;23;16;32;3;1;4;-3-16-23-32-39-;-1-4-;0;1;17000000;1;3;356433,1;1;16;15565,7;4;38;3205,7;207;953;136,3;306;1563;116;483;2301;44,7;4734;22235;21,3;7227;35272;14,1;17197;86571;10,9;25615;117047;11,4;105806;499948;8;238386;1171498;4,2;1;5478,9;0;0;50;40,8;64;21,7;1149;4,1;1778;3;6135;3,1;10769;11,3;26032;2,1;244527;2,4;VG2525872;;
2017087;MARDI   ;31/10/2017;2;31/12/2017;46;12;43;36;1;3;5;-1-12-36-43-46-;-3-5-;0;0;0;0;0;0;1;3;317035,6;2;17;5169,6;79;352;266,3;261;1096;119,3;168;820;90,5;4141;19570;17,4;4276;20167;17,9;8909;42156;16,2;26451;124637;7,7;71873;334761;8,6;146392;675122;5,2;0;0;0;0;19;315,3;58;19;1140;3,3;1191;3,6;7519;2;14051;6,9;20327;2,1;219189;2,1;QP7466130;;
2017088;VENDREDI;03/11/2017;1;03/01/2018;41;5;33;17;12;4;9;-5-12-17-33-41-;-4-9-;0;1;28709464;0;3;356885,6;4;14;17812;14;73;1670,8;241;1083;120,1;536;2753;65,9;525;2301;44,7;7783;35152;13,4;8971;40572;12,3;19943;89458;10,6;38084;173864;7,7;124523;549552;7,3;270500;1198104;4,1;0;0;2;3174,8;64;22,4;138;10,4;2104;2,3;2256;2,5;9932;1,9;15408;8,2;32636;1,7;245560;2,5;TA4904958;;
2017089;MARDI   ;07/11/2017;2;07/01/2018;37;19;41;20;7;12;2;-7-19-20-37-41-;-2-12-;0;0;0;0;0;0;0;2;486971,7;7;22;4090,6;125;446;215,2;235;858;156,1;298;1210;62,8;3403;12194;28,7;5858;21728;17;15717;60738;11,5;17350;64618;15,3;89465;332500;8,9;240519;907965;4;0;0;1;5555,5;24;52,4;75;16,7;866;4,9;1470;3,3;4397;3,9;7032;15,8;23118;2,1;187312;2,9;MW9629538,GE1587855,UD7318133,BE6745076,SZ1026486;;
2017090;VENDREDI;10/11/2017;3;10/01/2018;37;36;29;22;13;1;9;-13-22-29-36-37-;-1-9-;0;0;0;0;0;0;3;8;180379,3;14;53;2515,8;324;1057;134,5;607;2100;94,5;832;2562;43,9;8145;28957;17,9;11016;39528;13,8;26294;90530;11,4;43424;153944;9,5;150173;549490;8;345461;1241136;4,3;0;0;0;0;93;104,2;136;13,1;1860;3,2;2555;2,7;10386;2,3;17619;8,9;35812;2;311356;2,4;FG8175531,QK3471034,IM8088282,MV9516998,LL3381983;;
2017091;MARDI   ;14/11/2017;4;14/01/2018;16;40;39;41;14;8;10;-14-16-39-40-41-;-8-10-;0;0;0;2;3;264446,7;0;1;184778;2;13;6952,3;78;421;228,9;173;922;145,9;200;981;77,7;2841;14331;24,5;4026;20209;18,3;9292;47162;14,9;16903;80222;12,3;62336;313177;9,5;150668;740469;4,9;1;4103,6;0;0;23;66,5;46;22,6;722;4,9;955;4,2;4206;3,3;8074;11,3;14967;2,7;177763;2,5;MA8969195;;
2017092;VENDREDI;17/11/2017;5;17/01/2018;35;36;26;42;20;5;12;-20-26-35-36-42-;-5-12-;0;0;0;0;0;0;1;5;296639,8;3;18;7613,9;132;661;221,1;222;1199;170,1;296;1502;77;3304;18349;29;5666;29453;19,1;14260;70888;15;18570;100915;14,9;88957;469372;9,6;230047;1134395;4,8;0;0;1;6333,5;25;57,4;54;26,5;755;6,4;1287;4,3;4362;4,5;7825;16,1;20261;2,8;232193;2,6;MK4446200;;
2017093;MARDI   ;21/11/2017;6;21/01/2018;31;28;10;2;14;7;5;-2-10-14-28-31-;-5-7-;0;0;0;2;4;215153,1;1;6;33407,7;17;78;1256,9;300;1097;95,3;638;2675;54,5;516;2066;40;7944;33869;11,2;9231;39261;10,2;16930;72995;10,4;36325;163151;6,6;109884;490855;6,5;195950;906994;4,3;1;4053,8;4;121;87;11,8;165;6,2;2038;1,7;2417;1,6;9140;1,5;14064;6,4;28482;1,4;195259;2,2;IJ9750793;;
2017094;VENDREDI;24/11/2017;7;24/01/2018;28;24;50;19;30;10;3;-19-24-28-30-50-;-3-10-;0;0;0;0;0;0;0;6;253061,5;12;49;2863,2;150;796;188;410;1854;112,6;404;1882;62,9;5902;26950;20,2;7937;38381;15;18906;88186;12,3;31611;140410;10,9;122117;577668;8;284918;1335049;4,2;0;0;2;3148,8;29;49,2;108;13,2;1377;3,5;1867;3;7484;2,6;11602;10,8;28356;2;235207;2,6;QJ9177306;;
2017095;MARDI   ;28/11/2017;8;28/01/2018;42;1;12;6;18;2;7;-1-6-12-18-42-;-2-7-;0;0;0;3;6;157546,2;2;6;36694,3;16;47;2291,2;242;888;129,3;623;2409;66,5;411;1815;50,1;7733;31595;13,2;8850;37638;11,7;16368;74992;11,1;37841;159087;7,4;112732;505364;7;206513;1000302;4,3;0;0;6;768,4;64;16,3;156;6,6;1952;1,8;2127;1,9;9593;1,4;14275;6,4;28191;1,4;193193;2,3;CN5869964;;
2017096;VENDREDI;01/12/2017;9;31/01/2018;5;46;29;35;24;11;12;-5-24-29-35-46-;-11-12-;0;0;0;0;3;442968,4;1;5;61903,4;3;28;5406,9;114;665;242,8;232;1257;179,3;303;1831;69,8;3506;19583;30;5544;30961;20,1;17455;89894;13;19477;107739;15,4;86718;462590;10,8;291839;1425495;4,3;0;0;1;6520;25;59,1;46;32,1;766;6,5;1175;4,9;4231;4,7;6869;18,9;19126;3,1;184835;3,4;CP1238751;;
2017097;MARDI   ;05/12/2017;10;04/02/2018;48;11;44;43;36;2;7;-11-36-43-44-48-;-2-7-;0;0;0;0;2;538407,7;0;8;31350,3;3;27;4543,5;103;538;243,2;337;1732;105,4;215;1303;79,5;5835;27668;17,2;5435;29385;17,1;11014;62963;15,1;37843;166184;8,1;89929;463148;8,7;178499;970404;5,1;0;0;0;0;23;283,8;82;14,7;1462;2,8;1251;3,8;9891;1,6;18434;5,7;21350;2,2;250752;2;QJ6203811;;
2017098;VENDREDI;08/12/2017;11;07/02/2018;34;32;22;30;4;4;3;-4-22-30-32-34-;-3-4-;0;0;0;1;3;477524,4;0;5;66732,5;12;48;3400;188;928;187,5;422;2165;112,2;366;1950;70,6;6403;31992;19,8;9715;46679;14,3;17907;91931;13,8;34356;166876;10,7;148843;706341;7,6;280172;1384859;4,7;0;0;2;3732,6;44;38,4;103;16,4;1382;4,1;2179;3;7380;3,1;12139;12,2;34356;1,9;327132;2,2;MI1414467;;
2017099;MARDI   ;12/12/2017;12;11/02/2018;39;20;37;50;44;4;8;-20-37-39-44-50-;-4-8-;0;0;0;0;3;402110,4;1;5;56193,6;5;35;3926,5;110;676;216,8;337;1859;110;257;1442;80,4;4970;27480;19,4;6257;36313;15,5;13207;74052;14,4;30658;160237;9,4;92336;514269;8,8;202667;1120517;4,9;0;0;0;0;32;223,3;69;19,1;1136;3,9;1444;3,6;7077;2,5;14280;8,1;21263;2,4;246107;2,3;MU5720718;;
2017100;VENDREDI;15/12/2017;13;14/02/2018;25;42;30;50;31;11;2;-25-30-31-42-50-;-2-11-;0;0;0;0;0;0;0;5;395737,8;4;42;4353,2;164;845;230,7;402;2063;131,9;326;2050;75,3;5940;31232;22,7;7596;42586;17,6;18094;99990;14,2;34099;171626;11,7;124660;659729;9,1;301981;1574363;4,7;0;0;0;0;36;263,5;93;18,8;1337;4,4;1736;3,9;7929;3;14373;10,7;27640;2,5;300061;2,5;VV3454556;;
2017101;MARDI   ;19/12/2017;1;18/02/2018;15;38;46;8;30;4;7;-8-15-30-38-46-;-4-7-;0;1;135346147;0;3;434845,8;0;7;43405,9;8;63;2359;203;957;165,6;493;2380;92,9;408;2168;57,8;7323;34567;16,7;8292;41492;14,7;18804;95559;12;41327;193533;8,4;119422;604183;8,1;240583;1287357;4,6;0;0;3;2019,2;42;32,6;126;10,8;1714;2,7;1949;2,7;9554;1,9;17637;6,8;27613;1,9;269877;2,1;IQ1624795;;
2017102;VENDREDI;22/12/2017;2;21/02/2018;5;30;24;31;43;3;6;-5-24-30-31-43-;-3-6-;0;0;0;0;3;391378,4;1;7;39067;14;46;2907,8;166;835;170,8;582;2178;91,4;395;1787;63,2;8010;32634;15,9;8353;38154;14,4;17422;78611;13,2;44702;176731;8,3;125978;564949;7,8;253950;1157067;4,6;0;0;2;3081,1;41;34;127;10,9;1811;2,6;1809;3;9946;1,9;17329;7,1;28035;2;260108;2,3;ON0857425;;
2017103;MARDI   ;26/12/2017;3;25/02/2018;30;4;17;44;43;10;2;-4-17-30-43-44-;-2-10-;0;0;0;0;3;235210,5;4;9;18261;6;27;2977,3;117;493;173,9;248;1053;113,6;262;1138;59,6;3460;14551;21,4;4457;21175;15,6;11057;50947;12,2;17948;75333;11,7;69118;310777;8,5;167119;754009;4,3;0;0;0;0;35;140,9;74;12,3;894;3,4;1071;3,3;4696;2,6;7473;10,7;17200;2,1;148059;2,6;QH7791782;;
2017104;VENDREDI;29/12/2017;1;28/02/2018;4;48;8;22;23;1;12;-4-8-22-23-48-;-1-12-;0;1;38906715;0;0;0;5;10;159959,5;8;31;4767,9;157;800;197;294;1587;138,6;490;2339;53,3;4330;22915;25;7125;36308;16,7;22581;111558;10,3;23125;120488;13,4;100467;518891;9,4;315403;1568634;3,8;0;0;1;6066,3;42;32,7;55;25;998;4,7;1670;3,2;5545;3,3;8799;13,7;23166;2,3;183141;3,2;AX6693049;;
2018001;MARDI   ;02/01/2018;2;04/03/2018;20;10;21;48;28;1;8;-10-20-21-28-48-;-1-8-;0;0;0;1;3;237898,1;0;1;166227,5;5;22;3695,7;120;536;161,8;277;1210;100;270;1135;60,4;4151;17609;17,9;5619;24060;13,8;12318;53024;11,9;19965;87475;10,2;79995;354721;7,5;176017;778317;4,2;0;0;1;3958,3;31;28,9;77;11,6;1100;2,7;1352;2,6;4853;2,5;7492;10,5;20042;1,7;147025;2,6;KO4821400;;
2018002;VENDREDI;05/01/2018;3;07/03/2018;41;38;20;5;2;4;8;-2-5-20-38-41-;-4-8-;0;0;0;2;7;155585,9;2;9;28184,9;8;42;2954,1;131;650;203,6;369;1790;103,2;289;1523;68,7;5939;28155;17,1;6673;32348;15,7;14769;71335;13,5;34235;156933;8,6;104860;490695;8,3;233450;1082488;4,6;0;0;2;2844;28;46;82;15,7;1384;3,1;1522;3,3;7915;2,2;13664;8,3;24441;2,1;226758;2,4;GE9854132;;
2018003;MARDI   ;09/01/2018;4;11/03/2018;6;49;38;12;15;9;2;-6-12-15-38-49-;-2-9-;0;0;0;2;3;274999;1;5;38430,2;7;28;3356,6;154;584;171,6;358;1474;94,9;247;1233;64,3;4905;22441;16,2;6071;28300;13,6;12427;57271;12,7;26163;119632;8,6;89654;415934;7,4;179276;837537;4,5;0;0;2;2199,4;41;24,3;92;10,8;1232;2,7;1556;2,5;6937;1,9;10531;8,3;22757;1,7;182181;2,3;OQ9217126;;
2018004;VENDREDI;12/01/2018;5;14/03/2018;45;30;21;13;23;6;4;-13-21-23-30-45-;-4-6-;0;0;0;0;3;402939,7;1;8;35193,4;18;62;2221,1;241;1034;142;647;2565;79,9;441;2160;53,8;8688;35886;14,9;9531;44300;12,7;20899;99615;10,7;43100;178250;8,4;130037;616246;7,3;282566;1372220;4;0;0;5;1317,6;53;28,1;171;8,7;2175;2,3;2383;2,4;10531;1,9;16486;7,9;32781;1,8;250248;2,5;OK4114246;;
2018005;MARDI   ;16/01/2018;6;18/03/2018;46;34;31;20;23;3;12;-20-23-31-34-46-;-3-12-;0;0;0;1;4;228761,6;1;5;42624,9;1;19;5486,6;113;554;200,7;170;1007;154,1;229;1297;67,8;2354;13688;29,6;4642;24410;17,5;11739;60992;13,2;13470;74728;15,3;68905;362340;9,4;174779;907204;4,6;0;0;1;5428,6;29;42,4;50;24,6;674;6,2;1260;3,8;3907;4,3;6695;16,2;19528;2,5;202288;2,6;PJ2991787;;
2018006;VENDREDI;19/01/2018;7;21/03/2018;44;3;17;50;8;2;7;-3-8-17-44-50-;-2-7-;0;0;0;1;4;317749,9;2;9;32892,2;17;64;2262,4;237;1032;149,6;651;2788;77,3;432;2246;54,4;9976;41751;13,4;9687;46628;12,7;18920;95116;11,8;52616;218796;7,2;144603;677323;7;271800;1353402;4,3;1;6289;2;375,4;56;28,4;158;10;2726;1,9;2597;2,4;14000;1,5;22839;6,1;38215;1,6;303840;2,2;KK1280078;;
2018007;MARDI   ;23/01/2018;8;25/03/2018;5;23;8;9;24;7;8;-5-8-9-23-24-;-7-8-;0;0;0;1;4;246214,1;0;8;28673;11;50;2243,9;298;1352;88,5;438;2015;82,9;458;2262;41,8;5800;26961;16,1;11149;49803;9,2;17948;88016;9,9;24751;123402;10;135119;632007;5,8;231918;1157590;3,9;0;0;4;1267,6;88;13;114;10;1419;2,7;3050;1,4;6266;2,5;8178;12,4;36549;1,2;206556;2,4;DA0467768;;
2018008;VENDREDI;26/01/2018;9;28/03/2018;28;15;24;48;6;9;4;-6-15-24-28-48-;-4-9-;0;0;0;0;1;1349899,3;2;14;22457,6;9;71;2166;264;1109;147,9;615;2875;79,6;506;2308;56,2;8385;40328;14,8;10253;46745;13,5;21319;101544;11,7;42188;208277;8,1;138213;650928;7,7;296086;1404360;4,4;0;0;4;1741,8;60;26,3;160;9,8;2188;2,4;2463;2,5;10370;2;17434;7,9;33748;1,8;277347;2,4;AR0662643;;
2018009;MARDI   ;30/01/2018;10;01/04/2018;11;15;35;27;21;5;4;-11-15-21-27-35-;-4-5-;0;0;0;1;5;211446,1;1;8;30780,1;11;62;1942,6;219;1090;117,8;367;1974;90,8;383;1972;51,5;5443;26715;17,5;9071;45781;10,8;17175;83903;11,1;26431;130826;10,1;121073;602610;6,5;236110;1144898;4,2;1;4922,6;0;0;48;38,2;82;15,2;1262;3,3;2304;2,1;6380;2,6;9831;11,2;29758;1,6;222888;2,4;NB1343201;;
2018010;VENDREDI;02/02/2018;11;04/04/2018;36;39;34;14;48;2;3;-14-34-36-39-48-;-2-3-;0;0;0;1;3;511561,7;2;9;39716,1;5;41;4264,3;206;965;193,2;346;1818;143,1;345;1954;75,5;5303;28065;24,2;8894;44803;16;17641;91932;14,7;32003;161018;11,9;134786;669394;8,6;263317;1363018;5,2;0;0;2;3921,9;35;50,7;72;24,6;1166;5,2;2029;3,4;7042;3,4;14483;10,8;30267;2,3;387370;1,9;WB4049390;;
2018011;MARDI   ;06/02/2018;12;08/04/2018;8;28;17;38;34;6;12;-8-17-28-34-38-;-6-12-;0;0;0;0;5;259091;1;14;21551,8;9;37;3988,7;265;1067;147,5;379;1719;127,8;599;2956;42,1;5004;23608;24,3;8658;41623;14,5;23302;114702;10;25203;121659;13,3;112963;552906;8,8;305413;1484274;4;0;0;5;1296;61;24;114;12,8;1267;3,9;2069;2,7;6066;3,3;9935;13;26305;2,2;216395;2,9;CY5180557;;
2018012;VENDREDI;09/02/2018;13;11/04/2018;38;22;31;44;36;11;1;-22-31-36-38-44-;-1-11-;0;0;0;0;1;1711394,6;1;8;49825,4;10;52;3749,4;163;925;224,8;423;2179;133,2;465;2260;72,8;5923;31650;23,9;8376;43948;18,2;22081;112639;13,4;33440;174441;12,2;126533;664157;9,6;335379;1708450;4,6;0;0;3;2743,7;32;58,3;92;20,2;1231;5,1;1817;4;7490;3,4;14452;11,3;27638;2,7;302481;2,6;CM4527958;;
2018013;MARDI   ;13/02/2018;14;15/04/2018;13;44;10;21;17;10;1;-10-13-17-21-44-;-1-10-;0;0;0;1;4;333912,5;4;9;34565,3;9;42;3622,9;265;1130;143,6;488;2160;104,8;771;3144;40,8;5646;27406;21,5;11214;49475;12,6;29180;132437;8,9;27276;134707;12,4;139699;643127;7,8;364223;1698031;3,6;0;0;4;1651,3;63;23,7;102;14,6;1256;4;2732;2,1;6322;3,2;9185;14,3;33517;1,7;217713;2,9;OJ8429835;;
2018014;VENDREDI;16/02/2018;15;18/04/2018;23;32;50;12;10;10;4;-10-12-23-32-50-;-4-10-;0;0;0;1;5;355136,6;3;17;24328;17;67;3019,2;281;1409;153,1;547;2619;115;697;3301;51,7;7895;37497;20,9;12223;60136;13,8;29993;149371;10,5;38822;187050;11,8;169434;834983;7,9;419599;2066188;3,9;1;7471,1;2;446;54;35,1;154;12,3;1841;3,5;2721;2,7;8895;2,9;13022;12,8;38411;1,9;293201;2,7;QB7663061;;
2018015;MARDI   ;20/02/2018;16;22/04/2018;6;25;14;19;29;11;5;-6-14-19-25-29-;-5-11-;0;0;0;0;6;257544;6;21;17138,5;11;60;2934;329;1452;129,3;478;2540;103,1;733;3227;46;6775;36205;18,9;11976;57333;12,6;29450;131701;10,3;34199;184689;10,4;159224;775787;7,4;384761;1755147;4;0;0;4;1882,8;64;26,6;121;14,1;1463;3,9;2692;2,4;7660;3;12081;12,4;36042;1,9;267616;2,7;AF0668570;;
2018016;VENDREDI;23/02/2018;1;25/04/2018;18;17;28;47;10;3;7;-10-17-18-28-47-;-3-7-;0;2;88862248;2;5;485787,2;4;16;35357,9;31;172;1608,8;451;1994;148;1626;6898;59,7;793;3890;60;24203;98958;10,8;21617;90759;12,5;39470;179067;12;113126;486402;6,2;312416;1322556;6,9;563992;2594009;4,3;0;0;11;1072,3;117;22,8;352;7,5;5444;1,6;4769;2,2;25482;1,4;37347;6,3;70443;1,5;486857;2,3;PF4875378;F MJX 88807,F KGR 04119,F GVD 66005,F NNQ 00970,E BCC 58926,E BCF 59168,E BFR 43398,E BFB 97797,E BBK 43966,E BFN 38701,E BFX 08749,J LVW 63060,X LVX 49260,J LVR 34110,X LVR 17841,T LVN 02629,I DKB 06633,P PMB 07380,P PJB 00440,P PPC 06497,B JLV 45645,B JMT 67227,B JNM 90928,B JNB 77106,S NPH 91972;
2018017;MARDI   ;27/02/2018;2;29/04/2018;48;31;3;41;50;11;8;-3-31-41-48-50-;-8-11-;0;0;0;0;0;0;0;2;498733,9;6;21;4388,9;88;387;254;152;917;149,6;137;855;91;2408;13776;26;3587;19689;19,2;8158;44670;16;14347;77440;13;59110;316170;9,6;140473;724282;5,1;0;0;0;0;19;293,2;43;23,9;632;5,5;834;4,8;3632;3,8;6796;13,3;14617;2,8;176681;2,5;AP1727538;;
2018018;VENDREDI;02/03/2018;3;02/05/2018;2;7;34;48;45;1;12;-2-7-34-45-48-;-1-12-;0;0;0;0;2;556145,8;4;10;25906,5;2;21;6034,1;106;577;234,2;222;1135;166,2;267;1499;71,3;3709;17774;27,7;5136;25546;20,3;15559;73784;13,3;20444;98073;14,2;82626;395706;10,5;254581;1173433;4,3;0;0;1;6050,7;31;44,2;55;24,9;912;5,1;1229;4,3;5060;3,7;8499;14,2;19424;2,8;188640;3,1;BY0956921;;
2018019;MARDI   ;06/03/2018;4;06/05/2018;26;44;20;31;15;2;9;-15-20-26-31-44-;-2-9-;0;0;0;0;4;212510,8;0;7;28283,5;5;39;2483;101;613;168,5;313;1554;92,7;218;1307;62,5;5223;24047;15,6;5488;27641;14,4;11377;57846;13;28408;131279;8,1;85276;410692;7,7;172977;843713;4,6;0;0;1;4616,6;24;43,6;94;11,1;1335;2,6;1384;2,9;7520;1,9;11595;7,9;21395;1,9;194808;2,3;FI6507922;;
